Tabla,Constraint,Descripción
institutions,unique(slug),Evita duplicar slugs institucionales.
institution_memberships,"unique(institution_id, user_id)",Una pertenencia estable por usuario e Institution.
courses,"unique(institution_id, code, term)",Código de curso reutilizable entre Institutions.
sections,"unique(institution_id, course_id, code)",Código de sección único dentro del curso institucional.
enrollments,"unique parcial(institution_id, section_id, user_id, role) WHERE active",Permite roles acumulables sin duplicar rol activo.
course_modules,"unique(institution_id, course_id, position)",Orden estable por curso.
quizzes,check(opens_at < closes_at),Ventana temporal válida cuando existe.
quizzes,JSON questions válido,"Cada pregunta tiene ID local, puntaje positivo, posición y al menos dos alternativas con exactamente una correcta."
quiz_attempts,"unique(institution_id, quiz_id, student_id, attempt_number)",Secuencia de intentos por estudiante.
quiz_attempts,"unique parcial(institution_id, quiz_id, student_id) WHERE status = 'in_progress'",Solo un intento en progreso por quiz y estudiante.
grade_items,"unique(institution_id, quiz_id)",Un ítem de nota por quiz.
grades,"unique(institution_id, grade_item_id, student_id)",Una nota vigente por ítem y estudiante.
audit_events,append-only,Eventos inmutables; actualización/borrado prohibidos por persistencia.
